"COD_UF";"UNIDADE_DA_FEDERACAO";"POP_2010_0_a_4_ANOS";"POP_2010_5_a_9_ANOS";"POP_2010_10_a_14_ANOS";"POP_2010_15_a_19_ANOS";"POP_2010_20_a_24_ANOS";"POP_2010_25_a_29_ANOS";"POP_2010_30_a_34_ANOS";"POP_2010_35_a_39_ANOS";"POP_2010_40_a_44_ANOS";"POP_2010_45_a_49_ANOS";"POP_2010_50_a_54_ANOS";"POP_2010_55_a_59_ANOS";"POP_2010_60_a_64_ANOS";"POP_2010_65_a_69_ANOS";"POP_2010_70_a_74_ANOS";"POP_2010_75_a_79_ANOS";"POP_2010_80_ANOS_OU_MAIS";"POP_2011_0_a_4_ANOS";"POP_2011_5_a_9_ANOS";"POP_2011_10_a_14_ANOS";"POP_2011_15_a_19_ANOS";"POP_2011_20_a_24_ANOS";"POP_2011_25_a_29_ANOS";"POP_2011_30_a_34_ANOS";"POP_2011_35_a_39_ANOS";"POP_2011_40_a_44_ANOS";"POP_2011_45_a_49_ANOS";"POP_2011_50_a_54_ANOS";"POP_2011_55_a_59_ANOS";"POP_2011_60_a_64_ANOS";"POP_2011_65_a_69_ANOS";"POP_2011_70_a_74_ANOS";"POP_2011_75_a_79_ANOS";"POP_2011_80_ANOS_OU_MAIS";"POP_2012_0_a_4_ANOS";"POP_2012_5_a_9_ANOS";"POP_2012_10_a_14_ANOS";"POP_2012_15_a_19_ANOS";"POP_2012_20_a_24_ANOS";"POP_2012_25_a_29_ANOS";"POP_2012_30_a_34_ANOS";"POP_2012_35_a_39_ANOS";"POP_2012_40_a_44_ANOS";"POP_2012_45_a_49_ANOS";"POP_2012_50_a_54_ANOS";"POP_2012_55_a_59_ANOS";"POP_2012_60_a_64_ANOS";"POP_2012_65_a_69_ANOS";"POP_2012_70_a_74_ANOS";"POP_2012_75_a_79_ANOS";"POP_2012_80_ANOS_OU_MAIS";"POP_2013_0_a_4_ANOS";"POP_2013_5_a_9_ANOS";"POP_2013_10_a_14_ANOS";"POP_2013_15_a_19_ANOS";"POP_2013_20_a_24_ANOS";"POP_2013_25_a_29_ANOS";"POP_2013_30_a_34_ANOS";"POP_2013_35_a_39_ANOS";"POP_2013_40_a_44_ANOS";"POP_2013_45_a_49_ANOS";"POP_2013_50_a_54_ANOS";"POP_2013_55_a_59_ANOS";"POP_2013_60_a_64_ANOS";"POP_2013_65_a_69_ANOS";"POP_2013_70_a_74_ANOS";"POP_2013_75_a_79_ANOS";"POP_2013_80_ANOS_OU_MAIS";"POP_2014_0_a_4_ANOS";"POP_2014_5_a_9_ANOS";"POP_2014_10_a_14_ANOS";"POP_2014_15_a_19_ANOS";"POP_2014_20_a_24_ANOS";"POP_2014_25_a_29_ANOS";"POP_2014_30_a_34_ANOS";"POP_2014_35_a_39_ANOS";"POP_2014_40_a_44_ANOS";"POP_2014_45_a_49_ANOS";"POP_2014_50_a_54_ANOS";"POP_2014_55_a_59_ANOS";"POP_2014_60_a_64_ANOS";"POP_2014_65_a_69_ANOS";"POP_2014_70_a_74_ANOS";"POP_2014_75_a_79_ANOS";"POP_2014_80_ANOS_OU_MAIS";"POP_2015_0_a_4_ANOS";"POP_2015_5_a_9_ANOS";"POP_2015_10_a_14_ANOS";"POP_2015_15_a_19_ANOS";"POP_2015_20_a_24_ANOS";"POP_2015_25_a_29_ANOS";"POP_2015_30_a_34_ANOS";"POP_2015_35_a_39_ANOS";"POP_2015_40_a_44_ANOS";"POP_2015_45_a_49_ANOS";"POP_2015_50_a_54_ANOS";"POP_2015_55_a_59_ANOS";"POP_2015_60_a_64_ANOS";"POP_2015_65_a_69_ANOS";"POP_2015_70_a_74_ANOS";"POP_2015_75_a_79_ANOS";"POP_2015_80_ANOS_OU_MAIS";"POP_2016_0_a_4_ANOS";"POP_2016_5_a_9_ANOS";"POP_2016_10_a_14_ANOS";"POP_2016_15_a_19_ANOS";"POP_2016_20_a_24_ANOS";"POP_2016_25_a_29_ANOS";"POP_2016_30_a_34_ANOS";"POP_2016_35_a_39_ANOS";"POP_2016_40_a_44_ANOS";"POP_2016_45_a_49_ANOS";"POP_2016_50_a_54_ANOS";"POP_2016_55_a_59_ANOS";"POP_2016_60_a_64_ANOS";"POP_2016_65_a_69_ANOS";"POP_2016_70_a_74_ANOS";"POP_2016_75_a_79_ANOS";"POP_2016_80_ANOS_OU_MAIS";"POP_2017_0_a_4_ANOS";"POP_2017_5_a_9_ANOS";"POP_2017_10_a_14_ANOS";"POP_2017_15_a_19_ANOS";"POP_2017_20_a_24_ANOS";"POP_2017_25_a_29_ANOS";"POP_2017_30_a_34_ANOS";"POP_2017_35_a_39_ANOS";"POP_2017_40_a_44_ANOS";"POP_2017_45_a_49_ANOS";"POP_2017_50_a_54_ANOS";"POP_2017_55_a_59_ANOS";"POP_2017_60_a_64_ANOS";"POP_2017_65_a_69_ANOS";"POP_2017_70_a_74_ANOS";"POP_2017_75_a_79_ANOS";"POP_2017_80_ANOS_OU_MAIS";"POP_2018_0_a_4_ANOS";"POP_2018_5_a_9_ANOS";"POP_2018_10_a_14_ANOS";"POP_2018_15_a_19_ANOS";"POP_2018_20_a_24_ANOS";"POP_2018_25_a_29_ANOS";"POP_2018_30_a_34_ANOS";"POP_2018_35_a_39_ANOS";"POP_2018_40_a_44_ANOS";"POP_2018_45_a_49_ANOS";"POP_2018_50_a_54_ANOS";"POP_2018_55_a_59_ANOS";"POP_2018_60_a_64_ANOS";"POP_2018_65_a_69_ANOS";"POP_2018_70_a_74_ANOS";"POP_2018_75_a_79_ANOS";"POP_2018_80_ANOS_OU_MAIS";"POP_2019_0_a_4_ANOS";"POP_2019_5_a_9_ANOS";"POP_2019_10_a_14_ANOS";"POP_2019_15_a_19_ANOS";"POP_2019_20_a_24_ANOS";"POP_2019_25_a_29_ANOS";"POP_2019_30_a_34_ANOS";"POP_2019_35_a_39_ANOS";"POP_2019_40_a_44_ANOS";"POP_2019_45_a_49_ANOS";"POP_2019_50_a_54_ANOS";"POP_2019_55_a_59_ANOS";"POP_2019_60_a_64_ANOS";"POP_2019_65_a_69_ANOS";"POP_2019_70_a_74_ANOS";"POP_2019_75_a_79_ANOS";"POP_2019_80_ANOS_OU_MAIS";"POP_2020_0_a_4_ANOS";"POP_2020_5_a_9_ANOS";"POP_2020_10_a_14_ANOS";"POP_2020_15_a_19_ANOS";"POP_2020_20_a_24_ANOS";"POP_2020_25_a_29_ANOS";"POP_2020_30_a_34_ANOS";"POP_2020_35_a_39_ANOS";"POP_2020_40_a_44_ANOS";"POP_2020_45_a_49_ANOS";"POP_2020_50_a_54_ANOS";"POP_2020_55_a_59_ANOS";"POP_2020_60_a_64_ANOS";"POP_2020_65_a_69_ANOS";"POP_2020_70_a_74_ANOS";"POP_2020_75_a_79_ANOS";"POP_2020_80_ANOS_OU_MAIS"
"11";"Rondônia";136436;150565;158612;158003;153337;148157;134699;118020;106965;91808;72803;55064;39684;28589;20551;13186;12155;134343;146626;159145;158364;153996;150135;138120;120850;109107;94834;76057;57880;41686;29654;21137;13646;12630;133371;143478;158079;158610;154735;151486;141426;124123;110967;97732;79398;60726;43893;30846;21724;14153;13137;133100;141279;155742;158660;155501;152375;144524;127693;112749;100465;82750;63622;46274;32178;22355;14681;13672;133760;139288;153121;158421;156182;153058;147308;131307;114749;103002;86012;66596;48777;33677;23077;15200;14231;135292;137133;150699;157821;156699;153695;149718;134789;117156;105336;89112;69660;51378;35351;23915;15701;14808;136504;135035;146770;158362;157074;154341;151644;138162;119952;107454;92069;72801;54052;37206;24863;16202;15420;137670;134054;143626;157311;157337;155068;152947;141423;123182;109299;94906;76030;56755;39248;25921;16709;16092;139155;133775;141429;154992;157399;155824;153798;144476;126707;111064;97588;79269;59508;41454;27098;17255;16798;139897;134420;139438;152394;157176;156490;154448;147220;130275;113045;100080;82429;62332;43766;28431;17871;17513;139925;135938;137286;149988;156601;156992;155050;149596;133711;115427;102378;85430;65251;46173;29910;18578;18226
"12";"Acre";90458;93501;88826;77966;71232;68276;59860;48387;40437;31885;26250;20718;15415;11769;8188;5580;6577;88578;93418;90507;79882;71954;69008;61778;50297;41878;33227;27114;21553;16061;12213;8548;5727;6756;87495;92835;91818;82048;72890;69415;63572;52439;43181;34768;27944;22411;16795;12619;8966;5899;6950;85792;92365;92691;84311;74068;69652;65175;54705;44457;36425;28799;23282;17591;13023;9421;6097;7160;84870;91870;92861;86429;75502;69952;66516;56928;45882;38062;29773;24149;18408;13481;9870;6337;7383;85420;89829;93095;88239;77186;70477;67562;58985;47564;39590;30927;25017;19213;14017;10305;6619;7620;84882;87963;93025;89930;79106;71212;68305;60905;49466;41023;32255;25869;20024;14634;10719;6944;7875;83850;86896;92452;91248;81274;72163;68726;62699;51601;42318;33774;26691;20856;15337;11097;7318;8157;83908;85208;91992;92130;83539;73352;68978;64307;53854;43591;35405;27537;21702;16090;11481;7719;8472;83568;84300;91501;92314;85661;74790;69296;65654;56070;45005;37021;28493;22550;16867;11905;8116;8824;82983;84864;89474;92557;87475;76480;69833;66708;58117;46681;38523;29628;23392;17635;12405;8499;9216
"13";"Amazonas";401044;389220;405489;369404;343925;327491;289128;235776;194471;159321;127537;97462;70426;52375;37032;24999;28048;400499;386900;407597;377108;348091;331892;298023;245216;201439;165249;132887;102107;73922;54258;38385;25771;28696;401135;387963;404782;386130;352553;335191;306288;255400;208460;171355;138272;106860;77833;56165;39892;26570;29477;402072;391512;399140;395071;357532;337905;313757;265913;215747;177647;143720;111716;82042;58235;41495;27428;30361;404171;397358;392271;401776;363326;340818;320233;276121;223631;184138;149262;116683;86373;60648;43144;28372;31311;408138;399759;388591;404985;370005;344440;325650;285605;232265;190848;154923;121774;90717;63507;44805;29423;32305;409533;399254;386290;407089;377636;348562;330031;294427;241599;197724;160728;126943;95132;66756;46507;30585;33375;408846;399915;387365;404293;386576;352971;333328;302629;251669;204653;166712;132154;99654;70384;48243;31866;34554;408742;400870;390922;398681;395428;357895;336043;310054;262062;211852;172876;137432;104277;74284;50125;33231;35837;406547;402987;396768;391850;402062;363618;338955;316498;272163;219634;179242;142800;109009;78301;52312;34633;37218;403816;406968;399177;388197;405227;370216;342570;321898;281555;228157;185820;148290;113860;82333;54887;36050;38693
"14";"Roraima";50711;50303;52543;47558;44147;43713;37446;30110;25614;21781;17124;12801;9182;6082;4210;2606;2889;51445;49830;52840;48825;44926;44472;39163;31497;26410;22516;17943;13476;9741;6461;4372;2713;2913;51852;50119;52446;50264;45829;44892;40888;33049;27226;23226;18787;14176;10298;6903;4533;2852;2950;52087;50663;51865;51686;46845;45138;42517;34718;28112;23922;19635;14900;10867;7387;4714;3004;3006;52447;50893;51676;52818;47943;45469;43895;36430;29135;24637;20449;15656;11452;7895;4938;3157;3080;52931;51490;51195;53511;49159;46164;45032;38186;30381;25421;21226;16441;12078;8410;5226;3301;3176;53503;52265;50739;53840;50625;47303;46088;40091;31902;26328;22008;17277;12744;8939;5574;3447;3294;54616;52953;51160;53691;53361;50407;48203;42992;34266;27778;23034;18317;13531;9520;6006;3604;3446;56192;53732;52010;53545;56903;55310;51815;46987;37579;29910;24412;19582;14473;10191;6506;3796;3625;57800;54614;52601;53712;59600;59768;55632;50842;41007;32196;25920;20829;15470;10886;7040;4025;3819;59429;55499;53536;53438;60916;63061;59214;54063;44208;34456;27439;21951;16481;11602;7566;4305;4017
"15";"Pará";797433;823378;847110;797478;758804;716721;625351;521264;440515;358628;298059;236077;176721;136143;96588;63546;69137;782470;819406;846057;805092;762283;725713;643486;538418;454441;371222;307210;245819;184030;140478;100225;65740;70853;766883;816291;840094;814792;765695;731905;661113;556811;467652;385223;315994;255567;192376;144550;104219;68067;72902;750588;812055;832444;824836;769525;736097;677554;575962;480791;400078;324906;265210;201451;148755;108412;70547;75208;739204;804764;824901;832533;774427;739566;691876;595111;494904;414890;334688;274624;210777;153651;112567;73213;77722;734749;793031;817535;836239;780667;743184;703546;613695;510589;429138;345775;283769;220050;159555;116592;76069;80392;727703;778195;813660;835330;788440;746829;712595;631730;527590;442876;358107;292654;229329;166375;120499;79148;83286;722199;762734;810638;829542;798263;750413;718882;649269;545815;455929;371798;301199;238622;174151;124193;82531;86456;722380;746554;806502;822083;808431;754403;723191;665645;564792;468914;386325;309874;247827;182595;128025;86076;89880;720553;735268;799314;814737;816264;759451;726789;679935;583769;482866;400816;319387;256823;191274;132473;89594;93552;717267;730890;787696;807565;820147;765815;730538;691601;602204;498356;414768;330158;265574;199911;137809;93002;97444
"16";"Amapá";79189;81886;80177;74149;69366;64565;55953;47312;37721;29306;23124;16831;11322;8936;6050;3977;4397;79467;80762;81759;75773;70909;66331;58092;49264;39627;30795;24257;17997;12039;9208;6392;4171;4610;79276;79904;82711;77451;72395;67905;60319;51163;41607;32396;25359;19180;12937;9412;6790;4358;4852;79232;79228;83417;79097;73858;69356;62549;53048;43628;34092;26479;20360;13968;9628;7201;4553;5115;79398;79369;83586;80561;75349;70791;64658;54988;45637;35859;27691;21513;15061;9960;7570;4778;5387;79722;80104;82919;81750;76889;72281;66572;57021;47604;37675;29031;22643;16156;10470;7872;5036;5671;80137;80368;81788;83308;78468;73774;68299;59127;49532;39551;30491;23744;17271;11145;8120;5331;5965;80866;80169;80919;84237;80095;75211;69836;61321;51407;41504;32060;24815;18402;11986;8314;5668;6274;81129;80117;80229;84920;81694;76625;71249;63520;53269;43496;33724;25901;19534;12943;8521;6022;6601;80698;80265;80356;85068;83112;78066;72646;65598;55185;45478;35450;27085;20639;13961;8831;6336;6957;80179;80576;81075;84379;84256;79556;74096;67485;57193;47417;37231;28388;21721;14985;9294;6598;7344
"17";"Tocantins";131747;136769;146144;141135;133584;126807;115959;96636;86077;72221;58920;47900;37392;28673;22170;14778;16077;129395;136807;144720;142461;134522;128093;118910;99979;88054;74743;60993;49585;38880;29643;22728;15431;16534;127957;136184;142623;143892;135580;129150;121279;103959;89706;77381;63180;51255;40446;30734;23234;16141;17078;126607;134717;140704;145156;136751;130057;123168;108244;91321;80022;65464;52950;42067;31930;23755;16856;17705;125667;133441;138734;145848;138007;130923;124787;112289;93358;82490;67823;54738;43708;33204;24378;17510;18413;125808;131497;137310;145737;139314;131815;126270;115755;96068;84707;70231;56659;45339;34547;25158;18073;19194;124837;129164;137343;144332;140662;132785;127564;118684;99375;86673;72718;58684;46974;35958;26063;18577;20055;124055;127741;136717;142251;142122;133868;128630;121039;103313;88317;75318;60825;48593;37439;27075;19046;21001;124911;126403;135251;140351;143409;135066;129550;122917;107549;89929;77922;63057;50239;38975;28178;19524;21998;125433;125475;133973;138398;144130;136343;130427;124529;111552;91952;80356;65362;51972;40532;29350;20094;22988;125436;125619;132027;136994;144051;137673;131322;126007;114987;94634;82545;67721;53833;42077;30583;20791;23948
"21";"Maranhão";676810;696858;734880;691523;665689;603261;507358;408851;360370;309468;260467;219023;174685;138963;107817;72184;82757;657305;700966;724435;694700;661222;610230;523010;421740;366356;316861;266525;223794;179486;141393;109738;74698;84754;637117;706892;706042;701164;655729;615201;537487;437156;371493;324562;273049;228309;184734;144120;111369;77328;87078;615848;700896;695649;708674;650548;617988;550503;454223;376896;332273;279940;232811;190177;147230;112913;79913;89697;603329;685541;689135;713625;647756;618381;561786;471522;384250;339534;287022;237678;195460;150824;114624;82249;92586;597566;665960;684843;713869;648513;616321;571148;488079;394542;346160;294177;243143;200374;154940;116667;84255;95687;589382;646718;689134;703783;652337;612698;578521;503771;407386;352183;301495;249103;205024;159503;118996;86010;99055;586058;626801;695238;685785;659423;608053;583935;518311;422710;357389;309117;255508;209453;164478;121591;87550;102748;588944;605783;689448;675780;667534;603716;587200;531431;439652;362873;316754;262263;213872;169641;124524;89031;106609;589381;593482;674316;669646;673106;601734;588105;542850;456840;370253;323964;269209;218641;174664;127882;90656;110452;587403;587909;654966;665719;674011;603246;586595;552389;473307;380504;330568;276235;223963;179357;131701;92546;114179
"22";"Piauí";263862;294406;314225;306069;305642;279200;250528;209452;192405;171751;145650;122962;100535;78285;63314;42377;51980;256868;286414;314777;305582;302008;280261;255122;214719;194275;175283;149518;125851;103301;80148;64158;43488;51862;251469;279040;311804;306412;297387;281490;258055;221401;195545;178563;153591;128699;106001;82482;64568;45056;51830;245975;273689;305006;307858;292628;282394;259793;228822;196874;181564;157750;131630;108676;85142;64873;46785;51948;242398;267503;297551;308659;289002;282060;261067;235816;199189;184195;161746;134791;111360;87864;65523;48266;52330;241214;259243;291990;308028;287247;279970;262300;241656;203022;186437;165438;138259;114082;90483;66763;49320;53007;238970;252276;283991;308595;286973;276692;263523;246236;208227;188280;168873;141970;116828;93061;68456;50059;53989;237204;246966;276676;305721;288074;272509;264974;249244;214866;189585;172108;145919;119560;95610;70574;50483;55327;238007;241564;271369;299043;289782;268189;266114;251074;222230;190953;175077;149945;122368;98142;72977;50838;56859;238563;238066;265235;291712;290855;264982;266033;252448;229179;193285;177681;153823;125398;100682;75435;51478;58372;237542;236956;257032;286267;290503;263623;264220;253789;234994;197102;179921;157403;128720;103258;77809;52590;59751
"23";"Ceará";683955;731602;858837;858363;834034;753001;666895;584272;548510;485761;379309;317375;271565;207874;173206;113546;155661;672386;717209;838674;859116;836069;765549;681233;594760;553451;499676;395559;324229;278097;214293;176080;117970;156485;662679;705117;812286;861826;835462;777981;694722;608123;556868;511178;414598;331498;283434;222948;176976;124451;157140;653279;696427;781900;863665;833327;789289;707570;623407;560056;520459;434801;339904;288157;232685;177246;131645;158029;646630;689842;751701;860220;831684;798062;720333;639059;564975;528067;453742;350512;293217;241774;178863;137733;159853;646876;679841;729193;849021;831612;803438;733263;654073;572833;534466;469914;363833;299247;249237;182893;141861;162898;648023;668448;714930;829152;832840;806001;746046;668482;583382;539553;483653;379659;305963;255501;188873;144446;167111;649161;658844;702898;803021;835946;805875;758656;681998;596707;543099;495037;398134;313046;260669;196805;145439;172655;654061;649545;694265;772918;838173;804227;770162;694886;611921;546431;504279;417726;321212;265288;205688;145967;178900;657975;642978;687724;743010;835152;803066;779155;707705;627506;551455;511903;436117;331466;270231;213989;147651;184995;656807;643288;677777;720757;824443;803453;784793;720689;642459;559364;518355;451861;344301;276060;220852;151349;190495
"24";"Rio Grande do Norte";257447;271026;297645;301247;313696;291968;256474;226686;217993;193564;148307;116423;105038;77122;63081;40963;61259;253075;268575;293729;299945;312524;297518;263460;230487;219717;199918;156376;119802;106955;80604;64589;42734;61407;250871;265682;287831;299954;309425;302631;270465;235591;220534;205207;165173;124344;107613;85241;65290;45392;61476;248087;263088;281573;300456;305304;306842;277324;241725;221093;209460;174151;129961;107757;90291;65776;48408;61656;245281;261328;275585;300053;301610;309482;283866;248377;222351;212787;182530;136447;108547;94607;66928;51062;62243;244856;257170;271863;297914;299216;310193;289919;255189;224912;215328;189809;143617;110681;97582;69200;52992;63373;243487;252822;269405;294007;297961;309094;295461;262133;228699;217070;196051;151455;113982;99434;72424;54333;65025;241206;250635;266508;288126;298005;306084;300576;269095;233770;217917;201266;160007;118372;100137;76680;55017;67268;240597;247866;263910;281887;298542;302056;304789;275919;239860;218515;205473;168732;123787;100373;81298;55544;69862;239675;245076;262143;275916;298175;298449;307453;282425;246461;219799;208774;176889;130034;101207;85256;56651;72470;237720;244661;257979;272210;296079;296133;308197;288451;253221;222363;211310;183984;136938;103294;88004;58711;74910
"25";"Paraíba";303657;331357;353484;357823;351260;332027;301837;263842;247119;217342;174559;148897;131551;102733;86589;55763;80956;295247;326247;351124;356384;349442;333764;307429;269112;249904;223584;180976;151394;133970;105396;87868;58017;79955;285576;320194;347345;355034;347641;334808;312099;275710;251792;229194;188390;154277;135628;109180;88043;61377;79085;276344;314849;342146;353597;345922;335141;315912;283070;253475;234120;196285;157758;136900;113498;87819;65111;78547;272544;309582;336416;351788;344382;334734;319053;290259;255997;238333;203894;162106;138371;117442;88228;68244;78686;273406;302377;331663;349438;343071;333592;321615;296659;259990;241882;210721;167448;140413;120509;89814;70311;79628;274551;294034;326563;347162;341899;332098;323526;302288;265262;244713;216889;173710;142909;122884;92360;71527;81318;279039;284421;320520;343479;340811;330610;324757;307002;271845;246669;222454;180928;145763;124574;95884;71869;83812;285497;275237;315189;338372;339636;329206;325278;310876;279175;248422;227364;188610;149179;125922;99869;71904;86760;287281;271466;309930;332740;338089;327971;325065;314086;286336;251000;231583;196023;153421;127446;103523;72475;89692;285840;272351;302737;328079;336002;326968;324118;316726;292722;255016;235156;202693;158602;129497;106400;74019;92351
"26";"Pernambuco";739400;785823;846908;824679;828717;790259;726818;643852;584927;509014;422337;347420;292540;222681;176621;114012;144865;728511;772882;841653;825943;823270;794621;737895;656071;594445;522300;435607;356445;299507;229491;179963;118282;145343;723438;762464;828166;830928;815848;798244;747311;669906;602741;535265;449487;366694;305351;238216;181990;124220;146165;717332;753334;812259;837168;808119;800548;755219;684549;610714;547707;463678;378012;310838;247899;183760;130780;147588;711408;744869;796697;840674;802683;800579;761959;698655;619698;559315;477759;390086;317129;257104;186752;136582;150071;711963;733674;782904;839107;801102;797961;767781;711431;630558;570037;491498;402734;324949;265074;191762;140998;153784;707057;722955;770060;834072;802875;793247;772644;722813;642996;579799;504880;415969;334015;272079;198416;144383;158676;697861;718027;759729;820828;808331;786555;776767;732543;657020;588360;517960;429798;344216;278089;206721;146742;164856;694805;712066;750676;805175;815018;779530;779570;740777;671832;596596;530533;443936;355418;283784;215856;148908;171814;691315;706308;742326;789893;819016;774793;780143;747876;686138;605846;542309;457991;367348;290221;224575;152089;178884;684752;706982;731212;776328;817933;773821;778038;754027;699100;616898;553190;471698;379819;298020;232209;156897;185697
"27";"Alagoas";292449;320086;342792;317276;294028;275727;249846;214814;195731;163855;135488;113074;90226;68492;50064;32992;38780;285962;313055;340628;320743;293054;275805;253816;219149;198599;168906;139212;115912;93113;70713;51599;34096;39244;280637;305173;336207;325224;292785;275243;256882;224544;200456;174307;143173;118677;96058;73111;53120;35392;39888;274805;298706;329721;329709;293367;274256;259097;230497;201942;179674;147385;121497;99018;75655;54690;36803;40705;269884;293001;321640;332711;295061;273193;260652;236204;204087;184445;151895;124566;101945;78305;56412;38227;41718;266640;286294;313865;333214;297848;272180;261587;241073;207446;188257;156648;127961;104794;81013;58311;39606;42912;262330;279947;306955;331212;301591;271582;261913;245148;211845;191197;161665;131642;107583;83786;60380;40977;44308;258249;274760;299185;326978;306343;271673;261607;248334;217281;193154;167027;135553;110313;86622;62610;42346;45933;255838;269056;292833;320687;311098;272597;260886;250684;223270;194750;172360;139711;113093;89481;64969;43769;47738;253850;264225;287204;312764;314348;274581;260050;252349;228992;196964;177098;144136;116100;92300;67424;45314;49658;251894;261099;280607;305191;315168;277680;259295;253442;233914;200394;180928;148825;119426;95060;69951;47007;51662
"28";"Sergipe";179065;186408;210938;204731;203434;192020;172642;150538;137747;115515;92020;74810;59757;44539;33087;22496;28550;176626;183669;208435;206131;203455;194423;176698;153835;140378;119849;95676;77259;61889;46337;34034;23146;28600;174782;182559;202881;208452;202903;196514;180460;157807;142325;124211;99650;79746;63994;48337;34976;23947;28785;172796;181557;196834;210836;202199;198209;183896;162222;143983;128407;103846;82368;66103;50456;35995;24829;29096;171333;180691;191202;211939;201996;199382;186998;166684;145956;132165;108121;85255;68278;52567;37193;25709;29546;171360;178832;186913;210964;202656;199975;189752;170936;148608;135344;112366;88487;70550;54606;38627;26550;30131;170354;176413;184172;208467;204080;200047;192168;174962;151884;137952;116596;92029;72906;56606;40250;27382;30864;169375;174585;183054;202935;206414;199556;194277;178698;155821;139894;120862;95881;75293;58594;42053;28213;31761;169979;172611;182051;196910;208810;198918;195987;182119;160192;141557;124970;99948;77813;60595;43958;29111;32779;170121;171141;181164;191282;209918;198754;197165;185195;164598;143518;128645;104083;80581;62648;45862;30159;33862;169626;171179;179301;187010;208979;199458;197792;187946;168815;146156;131771;108203;83683;64797;47710;31400;34996
"29";"Bahia";1133644;1240699;1357988;1345539;1322304;1326865;1186928;995861;916044;791698;672865;540966;442737;344932;266611;181291;235599;1112087;1215926;1338668;1343091;1304650;1321216;1215159;1021310;927812;811666;691847;559029;454823;355542;273765;187248;239155;1094480;1192576;1311121;1342988;1292033;1306170;1240014;1053243;935285;833285;709418;579169;466319;367449;280122;194707;243152;1073869;1168575;1283506;1342760;1283796;1285026;1259744;1088993;941917;854959;726299;600446;478064;380090;286379;202871;247739;1054118;1145479;1255915;1338738;1278541;1262982;1272113;1124196;953081;874157;743713;621371;491336;392594;293549;210673;253251;1043168;1121187;1229773;1328753;1275182;1243347;1275927;1155873;971943;889565;762335;641055;506826;404527;302165;217604;259788;1034135;1099919;1205224;1309957;1273827;1227105;1271149;1184217;997368;901458;782099;659618;524254;416048;311963;223924;267419;1027006;1082580;1182092;1282991;1274790;1215830;1257080;1209244;1029168;909164;803480;676851;543642;427066;322914;229639;276331;1027843;1062241;1158306;1255975;1275636;1208879;1236983;1229213;1064730;916062;824918;693448;564104;438339;334520;235317;286103;1029261;1042755;1135439;1229008;1272731;1204887;1215994;1241946;1099782;927420;843970;710580;584245;451044;346019;241772;296211;1025890;1032034;1111363;1203451;1263900;1202745;1197359;1246218;1131358;946311;859330;728879;603224;465790;357029;249420;306333
"31";"Minas Gerais";1338553;1497792;1711110;1742648;1757058;1727867;1617371;1435712;1392455;1312183;1149069;933653;725100;549163;431005;302173;334532;1319112;1459242;1681956;1739222;1751583;1734500;1644587;1460123;1395624;1328856;1179958;969490;756052;569214;441851;313246;351547;1311625;1425661;1637753;1738357;1744474;1737693;1666563;1493592;1395752;1342790;1208835;1005606;787845;592420;451687;325425;369126;1307407;1395349;1588882;1736183;1736814;1737967;1683657;1532218;1396507;1354005;1235241;1041334;820469;618223;461882;337971;387219;1310258;1367128;1541553;1726654;1730230;1736095;1697024;1569676;1403338;1362474;1258613;1075793;853999;645694;474377;349835;405890;1321702;1340004;1500134;1706265;1725473;1732655;1707390;1601861;1419411;1368536;1278663;1108344;888373;674237;490258;360592;425080;1324170;1320610;1461618;1677308;1722431;1727714;1714439;1629244;1443993;1372241;1295656;1138978;923260;703831;509092;370566;445113;1323807;1313149;1428060;1633340;1721920;1721141;1718053;1651429;1477510;1372940;1309970;1167684;958439;734244;530767;379759;466416;1330410;1308950;1397768;1584713;1720105;1713995;1718763;1668776;1516102;1374240;1321616;1194012;993264;765468;554787;389312;488381;1332326;1311803;1369560;1537620;1710955;1707914;1717323;1682416;1553539;1381507;1330563;1217391;1026901;797571;580328;400847;510227;1327359;1323244;1342440;1496408;1690978;1703642;1714315;1693068;1585762;1397853;1337134;1237552;1058733;830481;606872;415261;531564
"32";"Espírito Santo";266530;284633;306257;305468;327424;326849;303677;262095;248344;230747;202003;162519;116631;85481;66504;47927;52968;267213;279884;305068;304946;324993;330118;311249;268945;250423;234612;207881;170258;123801;89070;68317;49621;56196;269541;276223;301139;306301;320993;332643;317684;277723;252039;238185;213386;177543;131714;93164;70106;51432;59531;272051;273547;296585;308536;316370;334221;323072;287596;253895;241436;218497;184396;140041;97859;72046;53299;62939;275659;271499;292267;309999;312565;334527;327683;297242;257052;244289;223193;190897;148311;103263;74389;55115;66411;280416;270073;288200;309667;310432;333453;331663;305797;262105;246774;227463;197089;156217;109421;77285;56855;69916;282699;270713;283410;308458;309896;331014;334893;313330;268943;248919;231366;202925;163760;116280;80686;58561;73523;284302;272991;279710;304516;311219;327012;337379;319736;277682;250602;234981;208404;170874;123842;84539;60254;77298;286822;275454;276990;299951;313403;322387;338923;325104;287503;252516;238275;213497;177583;131788;88943;62083;81166;287749;279013;274895;295617;314823;318559;339203;329697;297095;255705;241175;218188;183955;139690;93997;64256;85033;287450;283719;273424;291528;314454;316385;338107;333659;305612;260761;243706;222455;190034;147257;99741;66902;88858
"33";"Rio de Janeiro";1061221;1142673;1322857;1287626;1320582;1382983;1340836;1206686;1158480;1116997;1013047;840178;662139;483380;381422;273077;309004;1059237;1114390;1299088;1295153;1312079;1377026;1357056;1226028;1160680;1123286;1032398;867222;688522;502327;387954;279632;323430;1063842;1096176;1258293;1309442;1303856;1366578;1368993;1251241;1162717;1127414;1049043;894760;713758;525796;393380;287659;337679;1071331;1081567;1212720;1324317;1297461;1353635;1376381;1279273;1166473;1130094;1063015;921812;738406;552205;399511;296332;351811;1084132;1067956;1172632;1330175;1295005;1341189;1379284;1305334;1174681;1132298;1074479;946914;763521;579175;408874;304489;366046;1103424;1058561;1138744;1321309;1297370;1331286;1377926;1326285;1188789;1134841;1083645;969183;789600;605272;422792;311663;380448;1113546;1056661;1110588;1297688;1304841;1322842;1372268;1342770;1208399;1137618;1090589;988803;816243;630657;440705;318139;395381;1118412;1061337;1092476;1257096;1319028;1314648;1362126;1355012;1233795;1140211;1095403;1005831;843353;655038;462611;323750;411338;1127818;1068887;1077966;1211741;1333779;1308265;1349485;1362722;1261965;1144477;1098783;1020271;870011;678920;487116;330000;427754;1129956;1081738;1064445;1171860;1339549;1305781;1337321;1365965;1288175;1153110;1101674;1032271;894818;703252;512146;338980;443902;1123644;1101069;1055135;1138147;1330666;1308060;1327667;1364964;1309321;1167534;1104866;1042020;916943;728494;536424;351778;459457
"35";"São Paulo";2968754;3126834;3369319;3348032;3686268;3840403;3603941;3226646;3020480;2789891;2468639;2014539;1557537;1123897;867640;609359;676727;2964099;3070415;3351745;3335551;3640865;3855371;3672267;3285871;3049089;2830014;2528277;2089281;1628143;1174680;890093;629083;712539;2978553;3032286;3297434;3348412;3579280;3854821;3737442;3356614;3075191;2868067;2582180;2165276;1697478;1235351;910374;652663;748419;2994081;3007729;3227780;3373212;3512600;3840241;3795464;3434403;3103188;2904046;2631222;2240441;1766390;1302828;932316;678178;784589;3012089;2987299;3164764;3387897;3457198;3814221;3841181;3512187;3139659;2937668;2676970;2311724;1836606;1372344;961410;702855;821683;3044325;2965962;3117424;3378837;3422740;3779508;3871426;3584868;3188319;2969191;2720504;2377238;1908918;1441004;1000574;725535;859931;3060670;2961456;3061270;3361265;3409406;3733167;3886229;3653533;3248192;2998883;2761663;2437302;1982583;1509111;1048644;746834;900097;3059848;2976031;3023386;3306995;3421271;3670693;3885538;3719044;3319418;3026069;2800713;2491800;2057463;1576108;1105574;766399;943253;3064017;2991677;2999044;3237404;3444987;3603105;3870857;3777409;3397581;3055073;2837660;2541542;2131564;1642778;1168609;787462;988167;3060153;3009786;2978818;3174445;3458597;3546685;3844758;3823504;3475713;3092380;2872236;2588005;2201933;1710711;1233506;814670;1033149;3038361;3042098;2957679;3127121;3448513;3511090;3809963;3854180;3548754;3141667;2904703;2632224;2266765;1780635;1297671;850465;1077444
"41";"Paraná";756693;813603;921333;941158;913489;892105;847658;797990;776990;709628;600613;495269;387280;289025;216540;146339;147563;750671;794369;907466;941334;917124;894857;855876;803542;780811;724076;619340;512284;403601;300764;223775;152196;155980;750070;778722;885192;940253;921739;896227;863593;811303;782182;736878;638680;528854;420298;313905;230802;158694;164795;753858;767823;858582;936778;926571;896999;870497;820564;782491;747766;657924;545365;437218;328160;238139;165566;173961;761692;761803;831730;929247;930426;898445;876206;830051;783832;756419;676014;562429;454174;343085;246511;172440;183485;772190;754058;811676;916840;932436;901273;880512;838935;787513;762760;692247;580356;471059;358395;256306;179166;193340;778977;748114;792516;903132;932833;905163;883521;847329;793281;766858;706766;598925;487758;374104;267388;185816;203722;785276;747575;776935;881037;931985;910022;885149;855215;801229;768542;719677;618092;504048;390195;279734;192349;214867;791136;751415;766090;854621;928739;915101;886184;862287;810661;769167;730717;637173;520296;406516;293096;199182;226556;791584;759297;760117;827957;921453;919205;887877;868172;820311;770805;739561;655139;537083;422886;307078;206907;238525;788781;769841;752422;808072;909312;921471;890938;872659;829354;774743;746135;671299;554705;439203;321432;215843;250630
"42";"Santa Catarina";427766;449163;526534;552268;573005;573841;517788;477208;470247;447385;371747;300657;226374;159400;118497;79390;81785;428503;443834;515005;551240;574794;583047;532526;483732;472230;456081;386845;313465;238986;168191;122890;83133;86966;433568;440904;498738;550884;575267;589062;548739;492237;473623;462174;402923;325799;251820;178371;127091;87364;92379;439491;439742;481672;549889;574779;592639;565141;502607;475183;466221;418871;338102;264755;189598;131603;91849;98044;446299;438844;467932;546154;573771;595128;579856;514573;477938;469171;432994;351108;277634;201332;137160;96251;104009;456444;436411;459341;538528;572460;597412;591686;527842;482544;471723;444270;365156;290400;213221;144149;100447;110272;465196;437029;453870;526858;571173;598881;600640;542414;489027;473770;452967;380064;302938;225335;152424;104521;116951;472036;441971;450791;510459;570551;599032;606417;558449;497465;475229;459111;395926;315035;237675;161958;108455;124189;479371;447769;449479;493259;569290;598223;609764;574669;507749;476840;463242;411662;327108;250129;172451;112676;131813;484745;454448;448435;479379;565292;596886;612024;589215;519611;479625;466288;425622;339864;262538;183418;117807;139591;486588;464458;445854;470637;557407;595243;614073;600893;532760;484233;468928;436808;353631;274850;194547;124172;147420
"43";"Rio Grande do Sul";682720;776999;873692;887837;882939;906352;819460;755415;770872;783312;702846;592586;471409;348326;265666;189673;204691;672700;752113;862811;886928;878217;905575;835222;758986;762030;783374;718211;610249;490131;362993;272745;195267;215765;673534;730920;841096;885779;876495;897866;852975;766380;753321;778986;733275;627358;508303;379910;279769;201336;227145;679213;712999;814660;883116;876867;886104;870104;777056;746028;771420;746689;643977;526055;398317;287489;207728;238705;687053;695892;790792;877115;877588;875046;882790;790046;741837;762673;756438;660258;543703;417056;296960;214214;250356;699906;677636;771310;866713;877443;867679;888755;804478;741792;754186;761400;676169;561387;435430;308725;220736;262032;709530;667723;746552;855998;876758;863295;888342;820451;745653;745871;761945;691621;578828;453482;322528;227352;274018;712846;668648;725476;834464;875828;861886;881035;838398;753285;737669;758131;706776;595758;471051;338365;233960;286617;714571;674410;707669;808219;873382;862556;869690;855723;764161;730846;751191;720334;612222;488261;355550;241187;299633;713500;682328;690675;784538;867605;863567;859032;868631;777333;727062;743078;730321;628375;505396;373055;249929;312814;708058;695260;672532;765231;857443;863706;852038;874866;791926;727364;735190;735652;644179;522572;390263;260635;326058
"50";"Mato Grosso do Sul";201397;206899;225005;228960;222820;220109;203171;183931;170793;156731;129265;103251;77883;58964;44568;29545;31453;202264;206089;221251;229052;223892;221663;207318;187261;172905;160015;134205;107475;81492;61059;46046;30884;32891;205746;204806;216352;228824;225317;222308;211433;190988;175059;162584;139411;111604;85405;63364;47436;32369;34436;208658;203757;212343;228132;226835;222433;215269;195009;177363;164666;144581;115747;89525;65911;48835;33919;36086;211215;203362;209534;226767;228024;222663;218470;199160;179956;166610;149281;120080;93697;68744;50378;35420;37853;214990;202598;207650;224647;228593;223376;220840;203313;182907;168676;153227;124703;97827;71883;52143;36818;39737;216938;203452;206838;220915;228706;224447;222386;207439;186235;170803;156497;129553;101920;75314;54101;38152;41758;217856;206912;205548;216046;228497;225872;223031;211529;189950;172972;159071;134659;105932;79024;56251;39422;43962;219300;209807;204492;212065;227825;227390;223154;215350;193953;175287;161172;139736;109956;82928;58621;40707;46280;219770;212344;204089;209281;226483;228578;223385;218534;198087;177884;163138;144359;114165;86890;61241;42117;48641;219187;216099;203316;207419;224389;229143;224095;220896;202223;180834;165221;148250;118658;90812;64144;43704;51004
"51";"Mato Grosso";266608;269588;285290;288108;289771;287890;269150;238568;216142;187025;150713;114898;84516;61260;43725;27202;26059;261679;271528;281367;287710;290159;290303;274247;243960;220179;192628;157142;120621;88740;63954;45484;28668;27461;259644;272085;276301;287539;290277;291848;278939;250024;223813;197965;163587;126523;93246;66891;47215;30281;28970;260160;271707;271835;287265;290188;292746;283148;256413;227378;203002;169950;132573;98020;70083;49011;31961;30590;262740;271088;269146;286391;289933;293344;286808;262565;231382;207704;176086;138736;103059;73533;50991;33606;32336;268296;267730;269213;284630;289534;293864;289892;268115;236118;212076;181913;144965;108345;77249;53229;35164;34207;273492;262805;271163;280729;289134;294204;292272;273189;241494;216118;187455;151241;113842;81226;55701;36694;36220;278139;260762;271727;275701;288948;294281;293787;277866;247531;219766;192743;157538;119513;85471;58390;38213;38415;282700;261258;271355;271273;288663;294147;294665;282061;253892;223344;197739;163761;125334;89968;61309;39796;40733;284071;263809;270750;268611;287782;293845;295241;285720;260013;227356;202413;169764;131269;94714;64465;41533;43110;283130;269338;267403;268705;286015;293399;295743;288797;265548;232085;206765;175476;137271;99697;67859;43484;45505
"52";"Goiás";459299;494062;537757;540424;561237;563729;539091;479700;436520;376485;309277;245392;188218;140202;105181;67435;67783;462936;492463;531859;542819;564076;570688;550401;492319;446259;389147;321765;255971;196906;145861;108827;70962;70982;469383;488411;525683;546749;564974;576940;560159;506661;454854;401712;334419;266833;205875;152258;112111;74872;74408;476061;484968;519169;550913;564782;582427;568614;521760;463110;413908;347148;277988;215119;159281;115371;78893;78079;485557;483543;512297;553213;564787;587010;576277;536076;472301;425337;359810;289471;224642;166738;119089;82666;82043;497247;483449;506602;552377;565721;590675;583491;548627;483141;435808;372303;301277;234432;174519;123533;86039;86287;503397;486702;504807;546259;567692;593022;590055;559641;495515;445341;384641;313327;244501;182610;128634;89118;90868;507834;492760;500564;539872;571188;593442;595923;569119;509590;453760;396889;325543;254852;190973;134385;91938;95872;513746;498871;496752;532958;574703;592579;600814;577110;524221;461681;408636;337724;265386;199527;140650;94725;101078;516090;507966;495131;525883;576565;592118;605029;584522;538267;470687;419782;349955;276329;208419;147351;97936;106324;515137;519252;494841;519979;575323;592568;608333;591486;550573;481315;429999;362035;287587;217558;154351;101750;111453
"53";"Distrito Federal";211432;219062;221552;223614;248987;271924;256084;215484;190201;159137;124735;96819;70878;48702;36115;21574;22912;204757;217489;224479;225306;246709;271668;262877;223354;195184;165461;130589;101374;75184;51571;37788;23229;24033;199779;214846;225963;227889;244465;269922;268675;232370;199650;171704;136860;105913;79553;54970;39171;25232;25236;197047;211021;226505;230926;242659;267190;273207;241889;204136;177760;143389;110564;83965;58766;40512;27377;26575;196937;206416;226357;233691;241805;264242;276174;250890;209484;183488;149931;115524;88391;62743;42189;29370;28142;199113;200374;226226;235699;242200;261633;277430;258695;216159;188832;156318;120902;92825;66780;44394;31082;29971;201112;193884;224544;238414;243616;259199;277123;265426;223979;193799;162580;126675;97270;70889;47074;32571;32069;203162;189087;221795;239682;245919;256798;275323;271176;232933;198255;168766;132852;101705;75063;50228;33834;34479;205666;186683;218051;240211;248874;255047;272772;275895;242587;202902;174918;139403;106335;79344;53797;35101;37117;206458;186750;213337;239854;251358;254017;269774;278830;251532;208242;180605;145855;111181;83579;57490;36636;39770;206096;189093;207189;239513;253082;254232;267112;280062;259297;214883;185922;152152;116430;87833;61234;38628;42391
